{
  "durations": {
    "cover": 5.511836734693878,
    "opening-1": 9.012244897959183,
    "opening-2": 6.295510204081633,
    "what-is-spc-1": 14.341224489795918,
    "what-is-spc-2": 13.400816326530613,
    "exam-format": 11.10204081632653,
    "online-vs-paper": 11.885714285714286,
    "scoring": 14.210612244897959,
    "awards": 12.486530612244898,
    "vs-ipc": 10.866938775510205,
    "calendar": 6.112653061224489,
    "progression": 12.956734693877552,
    "why-spc": 11.049795918367346,
    "prep-1": 9.613061224489796,
    "prep-2": 8.751020408163265,
    "closing": 7.444897959183673
  },
  "sceneDurations": [
    175,
    280,
    198,
    440,
    412,
    343,
    366,
    436,
    384,
    336,
    193,
    398,
    341,
    298,
    272,
    233
  ]
}