{
  "durations": {
    "cover": 5.0416326530612245,
    "opening-1": 9.299591836734693,
    "opening-2": 7.131428571428572,
    "what-is-ukcho-1": 13.50530612244898,
    "what-is-ukcho-2": 9.900408163265306,
    "exam-format": 9.613061224489796,
    "exam-content": 9.012244897959183,
    "scoring": 10.736326530612246,
    "scoring-rule": 9.351836734693878,
    "three-rounds": 12.120816326530612,
    "calendar": 9.95265306122449,
    "eligibility": 10.684081632653061,
    "why-ukcho": 8.568163265306122,
    "prep-1": 8.933877551020409,
    "prep-2": 9.769795918367347,
    "closing": 7.627755102040816
  },
  "sceneDurations": [
    161,
    288,
    223,
    415,
    307,
    298,
    280,
    332,
    290,
    373,
    308,
    330,
    267,
    278,
    303,
    238
  ]
}