{
  "durations": {
    "cover": 4.54530612244898,
    "opening-1": 6.478367346938776,
    "opening-2": 5.146122448979592,
    "what-is-amc-1": 10.37061224489796,
    "what-is-amc-2": 10.135510204081633,
    "what-is-amc-3": 3.2914285714285714,
    "amc8-1": 6.582857142857143,
    "amc8-2": 9.299591836734693,
    "amc1012-1": 9.299591836734693,
    "amc1012-2": 9.769795918367347,
    "scoring-1": 8.463673469387755,
    "scoring-2": 7.862857142857143,
    "topics-1": 8.385306122448979,
    "topics-2": 8.82938775510204,
    "calendar": 10.083265306122449,
    "aime-1": 9.168979591836734,
    "aime-2": 10.919183673469387,
    "progression": 17.841632653061225,
    "progression-formula": 9.482448979591837,
    "why-amc": 10.213877551020408,
    "prep-1": 8.150204081632653,
    "prep-2": 9.012244897959183,
    "closing": 10.631836734693877
  },
  "sceneDurations": [
    146,
    204,
    164,
    321,
    314,
    108,
    207,
    288,
    288,
    303,
    263,
    245,
    261,
    274,
    312,
    285,
    337,
    545,
    294,
    316,
    254,
    280,
    328
  ]
}