{
  "durations": {
    "cover": 5.825306122448979,
    "opening-1": 9.299591836734693,
    "opening-2": 7.079183673469387,
    "what-is-hmmt-1": 10.971428571428572,
    "what-is-hmmt-2": 11.572244897959184,
    "individual-rounds": 9.848163265306123,
    "team-round": 9.534693877551021,
    "guts-round": 10.553469387755102,
    "scoring": 10.736326530612246,
    "topics": 10.318367346938775,
    "calendar": 10.266122448979592,
    "eligibility": 10.684081632653061,
    "why-hmmt": 10.031020408163265,
    "prep-1": 9.613061224489796,
    "prep-2": 8.045714285714286,
    "closing": 8.280816326530612
  },
  "sceneDurations": [
    184,
    288,
    222,
    339,
    357,
    305,
    296,
    326,
    332,
    319,
    317,
    330,
    310,
    298,
    251,
    258
  ]
}