{
  "durations": {
    "cover": 5.459591836734694,
    "opening-1": 8.385306122448979,
    "opening-2": 6.243265306122449,
    "what-is-euclid-1": 10.37061224489796,
    "what-is-euclid-2": 11.467755102040817,
    "exam-basic": 8.045714285714286,
    "question-types": 9.247346938775511,
    "scoring-special": 9.95265306122449,
    "score-stats": 7.96734693877551,
    "topics": 8.385306122448979,
    "calendar": 9.247346938775511,
    "eligibility": 9.717551020408163,
    "awards": 9.168979591836734,
    "why-euclid": 8.881632653061224,
    "prep-1": 9.482448979591837,
    "prep-2": 9.11673469387755,
    "closing": 8.228571428571428
  },
  "sceneDurations": [
    173,
    261,
    197,
    321,
    354,
    251,
    287,
    308,
    249,
    261,
    287,
    301,
    285,
    276,
    294,
    283,
    256
  ]
}